{"pca": false, "random_state": 42, "num_splits": 3, "test_size": 0.25, "mean_score_": 0.8447488584474887, "std_score_": 0.029090151399612733}