{
    "num_partitions": 1,
    "random_state": 42,
    "num_trials": 10,
    "fit_time": 14.185535430908203,
    "score": 0.7754041379310345
}