{
  "0": {
    "y_true": [
      0,
      1,
      0,
      1,
      0,
      1,
      0,
      1,
      0,
      0,
      0,
      0,
      0,
      0,
      1,
      0,
      0,
      0,
      0,
      1,
      1,
      0,
      0,
      1,
      1,
      1,
      0,
      0,
      0,
      1,
      0,
      0,
      0,
      0,
      0,
      1,
      0,
      0,
      0,
      1,
      0,
      0,
      0,
      0,
      0,
      0,
      0,
      0,
      0,
      1,
      1,
      1,
      1,
      1,
      1,
      0,
      0,
      0,
      1,
      0,
      0,
      0,
      1,
      1,
      1,
      1,
      0,
      0,
      1,
      1,
      1,
      1,
      1,
      1,
      0,
      1,
      0,
      0,
      1,
      1,
      0,
      1,
      1
    ],
    "y_hat": [
      0.5496470721179774,
      0.6930003805189444,
      0.5290709466530443,
      0.4892651297147703,
      0.44943176782088234,
      0.6051613201226143,
      0.06144763712034848,
      0.6579635715846892,
      0.05844571657341933,
      0.3417468505708898,
      0.31044233792990517,
      0.08928134196404094,
      0.1901483945772049,
      0.233764139556912,
      0.4800275008787134,
      0.6531653225791948,
      0.485053377651678,
      0.1970591669181475,
      0.12700305862715697,
      0.6458422228913615,
      0.5068968453461373,
      0.20233918264374018,
      0.4750322078458766,
      0.5282238280201331,
      0.46417826066798773,
      0.48338998257521537,
      0.5605382360633219,
      0.14438753903511786,
      0.3797675958811306,
      0.441823433058656,
      0.1553562380840331,
      0.10130063867976025,
      0.4285031394872013,
      0.1366410178147964,
      0.3097323040473657,
      0.3959112855824066,
      0.2530165618435936,
      0.13930128715795512,
      0.0776247365487083,
      0.6108609542202625,
      0.6883686388413193,
      0.39910342977326585,
      0.35174655217112155,
      0.37007995242158076,
      0.3126379997923634,
      0.30061788835137265,
      0.2645703773763832,
      0.3723917565569886,
      0.06652879812744514,
      0.6346065891560231,
      0.6410114531272609,
      0.7131123820693746,
      0.6946434268693774,
      0.6839000959315769,
      0.5204797773751273,
      0.17498217536861158,
      0.5753930626973991,
      0.1178771657317449,
      0.5063917269274756,
      0.26877755308485507,
      0.4310931376352358,
      0.3922548011181055,
      0.6579635715846892,
      0.378449613782858,
      0.5839108205497661,
      0.7282269324312336,
      0.38721286722343573,
      0.16402554614077858,
      0.7754799913297749,
      0.7677102628623507,
      0.8083767556989365,
      0.43753184046979243,
      0.5543967135969596,
      0.4090882361478413,
      0.6242535084566257,
      0.772996776461288,
      0.6074940282802793,
      0.28229379877751803,
      0.6869825269113139,
      0.3707964059248729,
      0.3720616969162819,
      0.7485842028116337,
      0.6684751117909487
    ],
    "roc_auc": 0.8922619047619048
  },
  "1": {
    "y_true": [
      0,
      1,
      1,
      1,
      1,
      1,
      0,
      0,
      1,
      0,
      0,
      0,
      0,
      0,
      0,
      0,
      0,
      0,
      1,
      1,
      0,
      0,
      0,
      0,
      0,
      1,
      0,
      1,
      0,
      1,
      0,
      0,
      0,
      0,
      0,
      0,
      0,
      0,
      1,
      1,
      0,
      1,
      0,
      0,
      0,
      0,
      0,
      1,
      0,
      1,
      1,
      1,
      0,
      1,
      1,
      0,
      0,
      1,
      0,
      1,
      1,
      1,
      1,
      1,
      0,
      0,
      0,
      0,
      1,
      0,
      1,
      1,
      1,
      1,
      1,
      0,
      0,
      1,
      0,
      1,
      0,
      1,
      0
    ],
    "y_hat": [
      0.6154185334860631,
      0.6624307129682193,
      0.8454169431570755,
      0.6377003264250203,
      0.5610904736018714,
      0.6559450070072642,
      0.4425802396660069,
      0.43586244025384546,
      0.6461651608986476,
      0.7234073789860384,
      0.7392815329165593,
      0.3947164221834786,
      0.34707591939305804,
      0.3813959035956714,
      0.1744573538383879,
      0.08151464435855602,
      0.43211770444922604,
      0.2738519622062727,
      0.48614455358606445,
      0.09374446158507115,
      0.38668298331978257,
      0.46265188644203226,
      0.640827464154986,
      0.46265188644203226,
      0.6444318333332646,
      0.3244911875289238,
      0.22059492498092687,
      0.67601198761375,
      0.7630885715261099,
      0.3315103210462581,
      0.26177793023279833,
      0.1595639065553658,
      0.23951738042829487,
      0.3224989040043967,
      0.4061214859759821,
      0.18614543630744887,
      0.1432033985743899,
      0.5082439543875777,
      0.7229820347421866,
      0.6268191625934867,
      0.16747592487554197,
      0.3286149441488521,
      0.2432275788074389,
      0.21609915651934536,
      0.2036315509759496,
      0.16762784124941588,
      0.08108015053208928,
      0.6334216463373791,
      0.45086464595233594,
      0.7927610898273947,
      0.5763667387350533,
      0.6270026438488987,
      0.46706922174496257,
      0.5366024137985208,
      0.43231179153140853,
      0.4301322885497151,
      0.6475093516913379,
      0.5185643222076011,
      0.7674887862343625,
      0.7798282297154352,
      0.6741063217424925,
      0.6778522815080978,
      0.6505258891111174,
      0.657961901643771,
      0.5195891791564949,
      0.20065368277288748,
      0.34425042480469226,
      0.5232695117944197,
      0.31278017916301404,
      0.4359070020156446,
      0.6327615226894058,
      0.6327615226894058,
      0.5829625575969144,
      0.5841905280174275,
      0.5788488481181191,
      0.3702417874977517,
      0.13132673594346236,
      0.6818880381909748,
      0.6158808832493758,
      0.7392815329165593,
      0.3542348682479686,
      0.621358109034629,
      0.2554918938030068
    ],
    "roc_auc": 0.7907738095238096
  },
  "2": {
    "y_true": [
      1,
      0,
      0,
      0,
      0,
      0,
      0,
      0,
      0,
      0,
      0,
      0,
      1,
      0,
      0,
      0,
      1,
      0,
      1,
      0,
      0,
      1,
      0,
      0,
      0,
      0,
      1,
      1,
      0,
      0,
      1,
      0,
      1,
      0,
      1,
      1,
      1,
      0,
      0,
      0,
      0,
      0,
      1,
      0,
      1,
      1,
      1,
      1,
      1,
      1,
      0,
      1,
      0,
      0,
      0,
      0,
      0,
      1,
      1,
      1,
      1,
      1,
      0,
      0,
      1,
      1,
      0,
      0,
      0,
      0,
      1,
      0,
      0,
      1,
      1,
      1,
      0,
      1,
      1,
      1,
      1,
      0,
      0
    ],