{
    "num_partitions": 1,
    "random_state": 42,
    "num_trials": 10,
    "fit_time": 32.92810773849487,
    "score": 0.8162096551724136
}