{
    "num_partitions": 1,
    "random_state": 42,
    "num_trials": 10,
    "fit_time": 19.27759313583374,
    "score": 0.7425202380952381
}