{"pca": false, "random_state": 42, "num_splits": 3, "test_size": 0.25, "mean_score_": 0.8760732323232322, "std_score_": 0.022061119719202233}