IC50_1uM,IC50_2.5uM
1.62661904974859E-08,1.50327653475465E-05
2.01760267385007E-08,0.000169129045142855
1.07350090600447E-07,0.000366963441345323
