ic50_1um,ic50_2point5um
1.626619049748592e-08,1.503276534754646e-05
2.0176026738500673e-08,0.00016912904514285447
1.073500906004473e-07,0.0003669634413453234
