ic50_1um,ic50_2.5um
0.20850474763015958,0.3427959321998173
0.031054488155007262,0.2746444861943274
0.2984455632496023,0.23191152384964497
