ic50_1um,ic50_2point5um
0.08401657319872141,0.07255202473453076
0.08916511817112494,0.11003782525235703
0.09915318304662478,0.1006746801929969
