{
  "0": {
    "y_true": [
      1,
      0,
      1,
      0,
      0,
      0,
      1,
      0,
      0,
      0,
      0,
      0,
      0,
      0,
      0,
      1,
      0,
      0,
      0,
      0,
      0,
      0,
      0,
      1,
      0,
      0,
      1,
      1,
      0,
      0,
      0,
      0,
      0,
      0,
      1,
      0,
      0,
      1,
      0,
      1,
      0,
      0,
      0,
      1,
      0,
      0,
      0,
      0,
      0,
      1,
      1,
      1,
      1,
      0,
      1,
      0,
      1,
      1,
      1,
      0,
      0,
      0,
      0,
      0,
      0,
      0,
      0,
      0,
      1,
      0,
      1,
      1,
      1,
      0,
      0,
      0,
      0,
      1,
      1,
      0,
      0,
      0,
      0
    ],
    "y_hat": [
      0.3115249717051801,
      0.6165948124407512,
      0.30257029451059403,
      0.28368635200938275,
      0.16210344576183805,
      0.24453360965133658,
      0.8556976021974891,
      0.8556976021974891,
      0.048378319510336144,
      0.1426537989148994,
      0.31759594353167964,
      0.3550939579586796,
      0.1628984904422659,
      0.3350164451965223,
      0.25674522531608585,
      0.07682184792532423,
      0.7809470473486152,
      0.2545025970679411,
      0.4639358185141774,
      0.14150233801141335,
      0.254674348513768,
      0.3335373153920192,
      0.4367569574744793,
      0.4229405654694469,
      0.48264411261297224,
      0.46137460118206397,
      0.6205472958292826,
      0.5766727435352241,
      0.41744580042159307,
      0.062135288531184774,
      0.3559496806456106,
      0.3702337830852425,
      0.4700957272042099,
      0.4020784653444749,
      0.4171050475198844,
      0.15920879059027476,
      0.12884336166478066,
      0.7360527546186728,
      0.1308927164757677,
      0.4996666047201734,
      0.36786066009792406,
      0.4381199162049331,
      0.18046025685125225,
      0.6296100999880367,
      0.09891526947424756,
      0.06158432068285467,
      0.32182904782752775,
      0.21087921809782953,
      0.583983955995522,
      0.8556976021974891,
      0.6963808888483121,
      0.2466686326324797,
      0.8357841785410434,
      0.5801087522960724,
      0.4828704590469235,
      0.591471124253754,
      0.646705437263464,
      0.6505313290478323,
      0.8026846431418144,
      0.2916435697621711,
      0.8021017095318136,
      0.4513849411219826,
      0.48904984460876655,
      0.5428275446921708,
      0.3595941277233368,
      0.3974967393474369,
      0.5526594510764733,
      0.0830861151744437,
      0.24719320213811266,
      0.725458566846663,
      0.5813046044867531,
      0.5406187750790503,
      0.6893160377992325,
      0.25188029477213125,
      0.5564820492668037,
      0.2564439919186332,
      0.573383750941497,
      0.7853094711714722,
      0.6943454813037102,
      0.7046025421110731,
      0.5578438837102591,
      0.26921372255243636,
      0.6659716489572012
    ],
    "roc_auc": 0.7448275862068965
  },
  "1": {
    "y_true": [
      1,
      1,
      1,
      1,
      0,
      0,
      0,
      0,
      0,
      0,
      0,
      0,
      0,
      0,
      0,
      0,
      0,
      0,
      0,
      1,
      1,
      0,
      0,
      1,
      0,
      1,
      0,
      0,
      0,
      0,
      0,
      0,
      0,
      0,
      0,
      0,
      1,
      0,
      0,
      0,
      1,
      0,
      0,
      1,
      1,
      0,
      0,
      0,
      0,
      0,
      0,
      0,
      1,
      0,
      1,
      1,
      1,
      0,
      1,
      1,
      1,
      0,
      0,
      0,
      1,
      0,
      1,
      1,
      0,
      0,
      0,
      0,
      1,
      0,
      1,
      1,
      0,
      0,
      0,
      0,
      0,
      0,
      0
    ],
    "y_hat": [
      0.5549000274259687,
      0.67044115051272,
      0.46890197177045073,
      0.7844220167879745,
      0.20670998381198344,
      0.7419539551912113,
      0.3083679696571171,
      0.6217880020259416,
      0.32194495526810823,
      0.47812955889127917,
      0.1221346298226028,
      0.08419730035777981,
      0.07602793662128822,
      0.10054551887395902,
      0.22239384323009437,
      0.17557065880646638,
      0.18081603199759572,
      0.21446723516631178,
      0.30782992683714167,
      0.5179706771655147,
      0.3543158198590434,
      0.7832397719228781,
      0.4607974703728651,
      0.8287471168850747,
      0.6639592895961266,
      0.6530405579422476,
      0.10963214327915899,
      0.15340614075868336,
      0.08417249911654881,
      0.35795971283113304,
      0.10163681073008857,
      0.2815711232814003,
      0.37972600953962365,
      0.33555046047124715,
      0.1784973083467832,
      0.10978638338233317,
      0.5573612076647245,
      0.29966038570016884,
      0.18558611562504868,
      0.3889393600896565,
      0.5009678551504828,
      0.2176228317331551,
      0.17500447242952205,
      0.7836743926898568,
      0.619263520187584,
      0.18739223678803557,
      0.42482891847123216,
      0.6501845230762502,
      0.39104940419594325,
      0.11956676829339927,
      0.3794790961198666,
      0.1623706756341421,
      0.2927988256880471,
      0.37540340829222596,
      0.8225786582730117,
      0.7066183124186681,
      0.5326269797899231,
      0.4944760900292614,
      0.7839544393711247,
      0.703891366724238,
      0.4982477398125254,
      0.3252677075291257,
      0.4931579628090445,
      0.248913669191043,
      0.8590894749431764,
      0.30713774752711653,
      0.5318767323847473,
      0.8018712982907124,
      0.11456282275063395,
      0.43463394897087515,
      0.5265722499236628,
      0.4425394222754379,
      0.8407428472624372,
      0.7188085461083916,
      0.6772114340039969,
      0.6772114340039969,
      0.29392297312345605,
      0.2052240667744004,
      0.32182273237065223,
      0.5261203551550162,
      0.17626381511368172,
      0.40989476827514226,
      0.30596038199729986
    ],
    "roc_auc": 0.9048275862068966
  },
  "2": {
    "y_true": [
      1,
      1,
      0,
      1,
      0,
      0,
      0,
      0,
      0,
      0,
      0,
      0,
      0,
      0,
      0,
      0,
      1,
      0,
      0,
      0,
      0,
      1,
      0,
      0,
      1,
      0,
      0,
      0,
      0,
      0,
      1,
      0,
      0,
      0,
      0,
      0,
      0,
      0,
      1,
      0,
      0,
      0,
      0,
      1,
      0,
      0,
      0,
      0,
      1,
      0,
      0,
      1,
      1,
      0,
      1,
      0,
      0,
      0,
      0,
      0,
      1,
      1,
      1,
      0,
      0,
      1,
      0,
      0,
      1,
      0,
      1,
      1,
      0,
      0,
      0,
      1,
      1,
      0,
      0,
      1,
      1,
      1,
      0
    ],